{
  "generation": [
    {
      "templateId": "ui5template.basicSAPUI5ApplicationComponent",
      "templateVersion": "1.4.0",
      "dateTimeStamp": "Tue, 01 Nov 2016 09:15:44 GMT"
    },
    {
      "templateId": "servicecatalog.connectivityComponent",
      "templateVersion": "0.0.0",
      "dateTimeStamp": "Wed, 21 Dec 2016 07:28:35 GMT"
    }
  ],
  "dataBinding": {
    "/view/App.view.xml": {
      "entitySet": "UNBINDKEY"
    },
    "/view/NotFound.view.xml": {
      "entitySet": "UNBINDKEY"
    },
    "/view/DetailObjectNotFound.view.xml": {
      "entitySet": "UNBINDKEY"
    },
    "/view/DetailNoObjectsAvailable.view.xml": {
      "entitySet": "UNBINDKEY"
    }
  },
  "mockpreview": {
    "mockUri": "/sap/opu/odata/sap/ZCRM_NUMUNE_SRV",
    "metadataFilePath": "",
    "loadJSONFiles": false,
    "loadCustomRequests": false,
    "mockRequestsFilePath": ""
  }
}